date,num_rentals,year,day_of_week,day_of_week_name,month,month_name,day_of_month,hour_of_day,is_weekend,is_weekday,maxtp,ind.1,mintp,igmin,ind.2,rain,cbl,wdsp,ind.3,hm,ind.4,ddhm,ind.5,hg,sun,dos
2023-01-01,1122.0,2022,5,Saturday,12,December,31,23,True,False,6.8,0,1.3,1,0,1.1,991.5,5.5,0,11,0,280,0,18,0.2,0
2023-01-02,1413.0,2022,5,Saturday,12,December,31,23,False,True,6.1,0,0.4,1,3,0.0,1002.6,6.2,0,14,0,160,0,20,6.8,0
2023-01-03,2555.0,2022,5,Saturday,12,December,31,23,False,True,13.3,0,5.6,1,0,1.5,996.3,12.5,0,19,0,240,0,35,0.0,0
2023-01-04,2757.0,2022,5,Saturday,12,December,31,23,False,True,12.6,0,8.8,0,0,0.1,998.7,13.7,0,21,0,260,0,34,0.5,0
2023-01-05,2811.0,2022,5,Saturday,12,December,31,23,False,True,12.6,0,6.7,0,0,2.7,1000.5,10.3,0,19,0,190,0,29,0.0,0
2023-01-06,2872.0,2022,5,Saturday,12,December,31,23,False,True,11.5,0,5.6,0,0,2.3,990.6,9.7,0,17,0,200,0,29,0.2,0
2023-01-07,1848.0,2022,5,Saturday,12,December,31,23,True,False,10.7,0,6.4,0,0,1.9,977.8,12.1,0,23,0,210,0,47,5.2,0
2023-01-08,1524.0,2022,5,Saturday,12,December,31,23,True,False,7.8,0,4.4,0,0,0.0,974.1,11.1,0,16,0,230,0,29,3.2,0
2023-01-09,2931.0,2022,5,Saturday,12,December,31,23,False,True,7.9,0,3.7,0,0,0.5,988.0,12.8,0,22,0,290,0,35,4.8,0
2023-01-10,2919.0,2022,5,Saturday,12,December,31,23,False,True,13.6,0,5.5,0,0,11.2,987.7,13.4,0,29,0,260,0,43,0.1,0
2023-01-11,2915.0,2022,5,Saturday,12,December,31,23,False,True,11.8,0,5.5,0,0,6.2,986.2,13.4,0,20,0,250,0,37,1.2,0
2023-01-12,2999.0,2022,5,Saturday,12,December,31,23,False,True,11.8,0,5.3,0,0,2.8,983.5,17.0,0,24,0,250,0,44,2.7,0
2023-01-13,2965.0,2022,5,Saturday,12,December,31,23,False,True,9.5,0,6.0,0,0,2.0,991.7,13.6,0,22,0,250,0,37,5.1,0
2023-01-14,1896.0,2022,5,Saturday,12,December,31,23,True,False,9.1,0,2.0,0,0,5.6,984.8,13.5,0,24,0,260,0,38,5.3,0
2023-01-15,1697.0,2022,5,Saturday,12,December,31,23,True,False,5.2,0,0.9,0,0,1.4,984.1,9.7,0,17,0,260,0,30,0.1,0
2023-01-16,3027.0,2022,5,Saturday,12,December,31,23,False,True,2.6,1,-2.9,1,3,0.0,981.2,8.7,0,14,0,320,0,20,6.2,0
2023-01-17,3212.0,2022,5,Saturday,12,December,31,23,False,True,2.0,1,-4.7,1,3,0.0,981.6,11.0,0,18,0,270,0,27,7.1,0
2023-01-18,3175.0,2022,5,Saturday,12,December,31,23,False,True,4.0,1,-0.5,1,3,0.0,991.0,13.5,0,19,0,290,0,25,3.8,0
2023-01-19,3203.0,2022,5,Saturday,12,December,31,23,False,True,4.2,1,-0.9,1,3,0.0,1000.9,8.2,0,12,0,270,0,15,6.7,0
2023-01-20,2971.0,2022,5,Saturday,12,December,31,23,False,True,7.0,1,-4.8,1,3,0.0,1010.9,5.9,0,11,0,150,0,17,6.9,0
2023-01-21,1924.0,2022,5,Saturday,12,December,31,23,True,False,9.3,0,5.9,1,0,0.2,1017.0,8.5,0,12,0,180,0,17,2.0,0
2023-01-22,1590.0,2022,5,Saturday,12,December,31,23,True,False,10.9,0,7.5,0,0,0.4,1018.3,5.9,0,11,0,180,0,17,0.0,0
2023-01-23,3266.0,2022,5,Saturday,12,December,31,23,False,True,11.9,0,6.8,0,0,0.2,1023.0,3.8,0,8,0,250,0,12,0.0,0
2023-01-24,3487.0,2022,5,Saturday,12,December,31,23,False,True,10.8,0,6.9,0,0,0.0,1026.3,5.5,0,10,0,250,0,16,5.6,0
2023-01-25,3502.0,2022,5,Saturday,12,December,31,23,False,True,10.0,0,2.5,0,0,0.4,1023.8,9.4,0,17,0,300,0,25,2.3,0
2023-01-26,3606.0,2022,5,Saturday,12,December,31,23,False,True,8.1,0,1.5,1,3,0.0,1026.2,8.1,0,14,0,290,0,17,3.7,0
2023-01-27,3270.0,2022,5,Saturday,12,December,31,23,False,True,7.2,1,-0.2,1,3,0.0,1023.8,5.1,0,8,0,300,0,11,3.6,0
2023-01-28,2139.0,2022,5,Saturday,12,December,31,23,True,False,6.4,0,3.4,0,0,0.2,1021.2,6.6,0,11,0,280,0,15,0.0,0
2023-01-29,1693.0,2022,5,Saturday,12,December,31,23,True,False,10.1,0,4.1,0,0,0.2,1014.3,10.4,0,22,0,290,0,30,0.7,0
2023-01-30,3368.0,2022,5,Saturday,12,December,31,23,False,True,8.8,0,4.3,0,2,0.0,1014.8,10.0,0,16,0,270,0,24,1.1,0
2023-01-31,3545.0,2022,5,Saturday,12,December,31,23,False,True,8.5,0,5.6,0,0,0.3,1012.4,15.8,0,25,0,270,0,38,7.0,0
2023-02-01,3572.0,2022,5,Saturday,12,December,31,23,False,True,9.8,0,5.6,0,2,0.0,1013.0,12.9,0,17,0,250,0,29,1.0,0
2023-02-02,3358.0,2022,5,Saturday,12,December,31,23,False,True,10.5,0,8.2,0,0,0.2,1013.3,12.0,0,19,0,250,0,31,0.3,0
2023-02-03,3183.0,2022,5,Saturday,12,December,31,23,False,True,12.2,0,7.8,0,2,0.0,1018.8,9.4,0,16,0,250,0,26,3.8,0
2023-02-04,1959.0,2022,5,Saturday,12,December,31,23,True,False,11.1,0,1.1,0,0,0.5,1028.6,8.2,0,24,0,310,0,32,0.3,0
2023-02-05,1777.0,2022,5,Saturday,12,December,31,23,True,False,9.7,1,-4.0,1,3,0.0,1034.1,4.1,0,9,0,270,0,17,7.8,0
2023-02-06,1623.0,2022,5,Saturday,12,December,31,23,False,True,9.4,1,-0.6,1,3,0.0,1028.7,5.4,0,14,0,190,0,20,3.6,0
2023-02-07,3374.0,2022,5,Saturday,12,December,31,23,False,True,9.9,0,3.4,1,3,0.0,1025.7,5.1,0,10,0,210,0,14,0.1,0
2023-02-08,3502.0,2022,5,Saturday,12,December,31,23,False,True,9.3,0,2.6,1,0,0.1,1019.0,8.4,0,17,0,220,0,29,0.1,0
2023-02-09,3603.0,2022,5,Saturday,12,December,31,23,False,True,8.2,0,1.1,1,3,0.0,1021.3,7.5,0,14,0,260,0,19,6.5,0
2023-02-10,3093.0,2022,5,Saturday,12,December,31,23,False,True,11.5,0,3.9,0,0,0.1,1022.8,9.7,0,16,0,250,0,25,0.1,0
2023-02-11,2321.0,2022,5,Saturday,12,December,31,23,True,False,10.4,0,7.4,0,0,0.3,1024.7,4.8,0,8,0,200,0,12,0.0,0
2023-02-12,1874.0,2022,5,Saturday,12,December,31,23,True,False,10.8,0,4.0,0,3,0.0,1023.1,7.5,0,14,0,150,0,22,1.8,0
2023-02-13,3160.0,2022,5,Saturday,12,December,31,23,False,True,11.0,0,2.5,1,3,0.0,1018.2,9.7,0,18,0,160,0,27,6.4,0
2023-02-14,3633.0,2022,5,Saturday,12,December,31,23,False,True,14.2,0,3.6,1,2,0.0,1012.6,10.7,0,17,0,150,0,25,1.0,0
2023-02-15,3394.0,2022,5,Saturday,12,December,31,23,False,True,10.5,0,5.4,0,0,7.8,1005.8,8.8,0,17,0,270,0,23,1.6,0
2023-02-16,3493.0,2022,5,Saturday,12,December,31,23,False,True,13.1,0,7.1,0,0,1.1,1003.5,10.0,0,17,0,240,0,32,0.7,0
2023-02-17,3238.0,2022,5,Saturday,12,December,31,23,False,True,12.7,0,9.4,0,0,2.0,1005.9,12.4,0,24,0,260,0,38,0.3,0
2023-02-18,2195.0,2022,5,Saturday,12,December,31,23,True,False,11.5,0,8.2,0,0,1.4,1009.7,15.5,0,24,0,270,0,41,1.4,0
2023-02-19,1597.0,2022,5,Saturday,12,December,31,23,True,False,12.0,0,6.7,0,2,0.0,1013.5,10.6,0,16,0,270,0,28,2.9,0
2023-02-20,3265.0,2022,5,Saturday,12,December,31,23,False,True,12.7,0,8.3,0,2,0.0,1009.4,10.6,0,20,0,260,0,28,1.0,0
2023-02-21,3640.0,2022,5,Saturday,12,December,31,23,False,True,11.9,0,7.3,0,0,0.4,1003.4,7.6,0,14,0,200,0,22,5.8,0
2023-02-22,3497.0,2022,5,Saturday,12,December,31,23,False,True,7.8,0,2.9,0,0,1.5,1005.5,13.5,0,19,0,330,0,27,3.7,0
2023-02-23,3664.0,2022,5,Saturday,12,December,31,23,False,True,8.8,1,-1.0,1,3,0.0,1013.5,8.7,0,12,0,320,0,17,6.7,0
2023-02-24,3234.0,2022,5,Saturday,12,December,31,23,False,True,11.1,0,1.6,0,2,0.0,1008.4,9.6,0,18,0,350,0,24,1.9,0
2023-02-25,2375.0,2022,5,Saturday,12,December,31,23,True,False,7.4,0,0.1,1,2,0.0,1012.9,9.5,0,15,0,70,0,22,3.6,0
2023-02-26,1762.0,2022,5,Saturday,12,December,31,23,True,False,8.1,0,3.0,0,2,0.0,1020.2,10.3,0,15,0,90,0,23,2.9,0
2023-02-27,3245.0,2022,5,Saturday,12,December,31,23,False,True,7.4,0,3.5,0,2,0.0,1025.2,9.0,0,14,0,90,0,19,1.8,0
2023-02-28,3500.0,2022,5,Saturday,12,December,31,23,False,True,6.8,0,4.6,0,0,0.8,1027.7,8.9,0,14,0,10,0,23,0.6,0
2023-03-01,3619.0,2022,5,Saturday,12,December,31,23,False,True,8.8,0,4.7,0,2,0.0,1023.9,11.9,0,17,0,50,0,24,3.8,0
2023-03-02,3520.0,2022,5,Saturday,12,December,31,23,False,True,8.0,0,3.4,0,0,1.1,1018.8,7.6,0,13,0,50,0,17,1.3,0
2023-03-03,3169.0,2022,5,Saturday,12,December,31,23,False,True,7.0,0,3.8,0,2,0.0,1021.6,5.5,0,12,0,40,0,19,0.4,0
2023-03-04,2173.0,2022,5,Saturday,12,December,31,23,True,False,5.0,0,3.0,0,0,0.0,1020.4,5.9,0,11,0,10,0,16,0.0,0
2023-03-05,1583.0,2022,5,Saturday,12,December,31,23,True,False,9.3,0,2.2,0,2,0.0,1009.7,9.1,0,14,0,260,0,19,2.5,0
2023-03-06,2719.0,2022,5,Saturday,12,December,31,23,False,True,6.7,0,1.5,0,0,3.5,997.6,8.5,0,13,0,280,0,18,0.1,0
2023-03-07,3673.0,2022,5,Saturday,12,December,31,23,False,True,5.5,1,-2.7,1,3,0.0,989.9,6.4,0,10,0,300,0,16,8.4,0
2023-03-08,3357.0,2022,5,Saturday,12,December,31,23,False,True,5.2,1,-1.7,1,0,0.1,983.5,14.5,0,20,0,80,0,28,2.4,0
2023-03-09,2290.0,2022,5,Saturday,12,December,31,23,False,True,3.3,0,0.7,0,0,30.2,978.9,17.5,0,30,0,50,0,40,0.0,0
2023-03-10,2837.0,2022,5,Saturday,12,December,31,23,False,True,5.9,1,-2.4,1,0,7.5,990.3,8.0,0,22,0,20,0,35,10.0,997
2023-03-11,1509.0,2022,5,Saturday,12,December,31,23,True,False,9.8,1,-1.7,1,0,9.9,993.3,9.8,0,16,0,140,0,27,0.0,0
2023-03-12,1826.0,2022,5,Saturday,12,December,31,23,True,False,12.6,0,7.6,0,0,2.7,982.8,10.2,0,17,0,210,0,28,1.2,0
2023-03-13,2983.0,2022,5,Saturday,12,December,31,23,False,True,13.3,0,2.3,0,0,5.3,974.7,12.8,0,20,0,270,0,34,0.7,0
2023-03-14,3478.0,2022,5,Saturday,12,December,31,23,False,True,6.8,0,0.0,1,0,1.0,993.4,10.3,0,23,0,270,0,33,6.8,0
2023-03-15,2907.0,2022,5,Saturday,12,December,31,23,False,True,10.7,0,0.0,1,0,10.8,996.2,7.0,0,17,0,160,0,26,0.0,0
2023-03-16,3251.0,2022,5,Saturday,12,December,31,23,False,True,15.0,0,9.0,0,0,1.2,986.2,11.2,0,17,0,200,0,26,5.0,0
2023-03-17,2025.0,2022,5,Saturday,12,December,31,23,False,True,11.4,0,6.0,0,0,2.5,987.5,6.9,0,12,0,140,0,19,1.0,0
2023-03-18,2016.0,2022,5,Saturday,12,December,31,23,True,False,11.1,0,3.7,0,0,1.4,996.5,9.5,0,21,0,310,0,27,2.9,0
2023-03-19,1574.0,2022,5,Saturday,12,December,31,23,True,False,10.9,0,1.6,0,0,2.3,1003.8,8.2,0,15,0,270,0,22,3.6,0
2023-03-20,3294.0,2022,5,Saturday,12,December,31,23,False,True,15.8,0,10.1,0,0,0.4,997.2,8.7,0,13,0,200,0,20,0.8,0
2023-03-21,3506.0,2022,5,Saturday,12,December,31,23,False,True,12.6,0,9.2,0,0,2.2,984.8,11.2,0,19,0,190,0,32,2.0,0
2023-03-22,3457.0,2022,5,Saturday,12,December,31,23,False,True,12.6,0,6.0,0,0,1.5,978.0,14.2,0,23,0,200,0,37,8.7,0
2023-03-23,3610.0,2022,5,Saturday,12,December,31,23,False,True,13.0,0,6.1,0,0,2.1,975.5,13.0,0,22,0,200,0,35,6.3,0
2023-03-24,3103.0,2022,5,Saturday,12,December,31,23,False,True,12.8,0,6.6,0,0,1.5,979.0,14.7,0,23,0,210,0,37,5.6,0
2023-03-25,2136.0,2022,5,Saturday,12,December,31,23,True,False,12.7,0,3.2,0,0,0.3,987.8,9.9,0,17,0,260,0,28,5.3,0
2023-03-26,1706.0,2022,5,Saturday,12,December,31,23,True,False,9.1,1,-1.2,1,0,0.6,1001.6,8.2,0,15,0,0,0,27,0.9,0
2023-03-27,3454.0,2022,5,Saturday,12,December,31,23,False,True,9.7,1,-4.3,1,2,0.0,1010.8,7.7,0,13,0,150,0,19,6.5,0
2023-03-28,3393.0,2022,5,Saturday,12,December,31,23,False,True,15.4,0,7.0,0,0,8.1,1000.8,8.0,0,13,0,170,0,26,2.3,0
2023-03-29,3633.0,2022,5,Saturday,12,December,31,23,False,True,16.2,0,9.6,0,0,3.8,990.0,10.5,0,18,0,200,0,31,2.7,0
2023-03-30,3669.0,2022,5,Saturday,12,December,31,23,False,True,15.7,0,7.4,0,0,5.6,981.2,9.2,0,16,0,190,0,24,4.9,0
2023-03-31,2821.0,2022,5,Saturday,12,December,31,23,False,True,11.2,0,8.4,0,0,13.4,982.9,8.5,0,16,0,90,0,23,0.0,0
2023-04-01,1737.0,2022,5,Saturday,12,December,31,23,True,False,11.4,0,7.2,0,0,12.2,1002.4,8.6,0,17,0,320,0,24,0.4,0
2023-04-02,1916.0,2022,5,Saturday,12,December,31,23,True,False,11.1,0,6.0,0,0,0.8,1016.3,6.8,0,11,0,310,0,16,6.2,0
2023-04-03,3309.0,2022,5,Saturday,12,December,31,23,False,True,10.6,0,5.1,0,0,0.0,1017.2,8.7,0,16,0,140,0,24,6.2,0
2023-04-04,3556.0,2022,5,Saturday,12,December,31,23,False,True,13.7,0,5.0,1,0,2.3,1011.8,7.0,0,15,0,200,0,23,4.1,0
2023-04-05,3501.0,2022,5,Saturday,12,December,31,23,False,True,14.7,0,8.3,0,0,0.9,1005.5,7.6,0,14,0,260,0,21,0.4,0
2023-04-06,3336.0,2022,5,Saturday,12,December,31,23,False,True,12.9,0,0.6,0,0,1.3,1006.6,9.2,0,16,0,280,0,24,7.2,0
2023-04-07,2823.0,2022,5,Saturday,12,December,31,23,False,True,13.1,1,-0.4,1,3,0.0,1010.7,6.6,0,13,0,140,0,20,9.6,0
2023-04-08,2383.0,2022,5,Saturday,12,December,31,23,True,False,12.6,0,4.8,0,0,0.0,1011.2,8.4,0,18,0,140,0,26,5.2,0
2023-04-09,1717.0,2022,5,Saturday,12,December,31,23,True,False,12.8,0,8.1,0,0,1.0,1002.1,12.8,0,20,0,150,0,28,0.2,0
2023-04-10,1544.0,2022,5,Saturday,12,December,31,23,False,True,10.8,0,4.7,0,0,5.0,995.1,10.8,0,25,0,290,0,35,4.4,0
2023-04-11,3042.0,2022,5,Saturday,12,December,31,23,False,True,9.9,0,2.9,0,0,9.5,987.2,10.8,0,23,0,270,0,34,0.4,0
2023-04-12,2878.0,2022,5,Saturday,12,December,31,23,False,True,7.5,0,2.1,0,0,5.0,977.5,15.6,0,29,0,300,0,42,0.7,0
2023-04-13,3592.0,2022,5,Saturday,12,December,31,23,False,True,11.7,0,2.9,0,0,0.6,988.7,11.8,0,22,0,270,0,32,10.9,0
2023-04-14,3210.0,2022,5,Saturday,12,December,31,23,False,True,13.1,1,-1.0,1,2,0.0,996.5,7.5,0,15,0,280,0,21,9.6,0
2023-04-15,2357.0,2022,5,Saturday,12,December,31,23,True,False,12.5,0,2.0,1,0,5.2,1007.3,6.3,0,11,0,140,0,15,6.3,0
2023-04-16,1917.0,2022,5,Saturday,12,December,31,23,True,False,17.6,0,3.8,0,0,1.2,1012.0,3.7,0,9,0,140,0,13,6.6,0
2023-04-17,3577.0,2022,5,Saturday,12,December,31,23,False,True,17.6,0,4.6,0,3,0.0,1016.8,6.2,0,13,0,130,0,19,6.6,0
2023-04-18,3812.0,2022,5,Saturday,12,December,31,23,False,True,11.6,0,8.4,0,3,0.0,1019.5,10.0,0,17,0,80,0,24,7.6,0
2023-04-19,3643.0,2022,5,Saturday,12,December,31,23,False,True,11.8,0,6.7,0,0,0.0,1017.2,16.3,0,21,0,80,0,29,1.9,0
2023-04-20,3648.0,2022,5,Saturday,12,December,31,23,False,True,11.9,0,5.3,0,0,0.0,1013.8,15.1,0,20,0,70,0,28,13.4,0
2023-04-21,3086.0,2022,5,Saturday,12,December,31,23,False,True,14.3,0,7.1,0,0,0.0,1005.3,15.3,0,24,0,50,0,33,6.0,0
2023-04-22,1706.0,2022,5,Saturday,12,December,31,23,True,False,9.0,0,4.5,0,0,5.0,995.4,6.0,0,11,0,60,0,19,0.2,0
2023-04-23,1867.0,2023,6,Sunday,1,January,1,0,True,False,12.4,0,4.4,0,0,3.5,994.7,5.0,0,15,0,320,0,21,5.3,0
2023-04-24,2903.0,2023,6,Sunday,1,January,1,0,False,True,9.2,1,-0.1,0,0,10.8,1003.0,8.0,0,14,0,40,0,26,1.7,0
2023-04-25,3435.0,2023,6,Sunday,1,January,1,0,False,True,10.8,1,-0.2,1,2,0.0,1008.3,6.1,0,11,0,130,0,19,6.9,0
2023-04-26,3697.0,2023,6,Sunday,1,January,1,0,False,True,12.0,0,4.9,0,0,0.0,1006.3,6.8,0,12,0,140,0,18,8.9,0
2023-04-27,3611.0,2023,6,Sunday,1,January,1,0,False,True,12.3,0,8.4,0,2,0.0,1001.0,8.2,0,14,0,150,0,21,0.3,0
2023-04-28,3174.0,2023,6,Sunday,1,January,1,0,False,True,17.3,0,8.1,0,0,0.3,1002.0,4.3,0,11,0,340,0,16,1.0,0
2023-04-29,2350.0,2023,6,Sunday,1,January,1,0,True,False,17.1,0,7.9,0,0,5.5,1008.0,4.2,0,10,0,150,0,15,4.9,0
2023-04-30,2021.0,2023,6,Sunday,1,January,1,0,True,False,17.6,0,10.3,0,0,7.5,1006.6,7.5,0,18,0,290,0,27,3.8,0
2023-05-01,1608.0,2023,6,Sunday,1,January,1,0,False,True,17.0,0,4.5,0,0,0.3,1010.0,7.6,0,15,0,290,0,20,4.3,0
2023-05-02,3616.0,2023,6,Sunday,1,January,1,0,False,True,17.2,0,6.6,0,3,0.0,1013.8,7.2,0,13,0,140,0,20,3.9,0
2023-05-03,3853.0,2023,6,Sunday,1,January,1,0,False,True,15.4,0,8.6,0,3,0.0,1011.1,8.3,0,14,0,140,0,22,2.3,0
2023-05-04,3553.0,2023,6,Sunday,1,January,1,0,False,True,13.1,0,7.4,0,0,6.3,1001.1,12.0,0,22,0,80,0,29,0.8,0
2023-05-05,3629.0,2023,6,Sunday,1,January,1,0,False,True,18.5,0,8.4,0,2,0.0,996.5,7.9,0,14,0,150,0,20,8.2,0
2023-05-06,2660.0,2023,6,Sunday,1,January,1,0,True,False,15.7,0,7.6,0,0,0.4,1001.1,5.0,0,10,0,150,0,14,2.2,0
2023-05-07,2254.0,2023,6,Sunday,1,January,1,0,True,False,18.5,0,10.2,0,0,4.9,1004.0,6.4,0,13,0,190,0,21,5.8,0
2023-05-08,3343.0,2023,6,Sunday,1,January,1,0,False,True,19.5,0,10.8,0,0,15.8,1001.8,6.8,0,14,0,290,0,25,1.8,0
2023-05-09,3723.0,2023,6,Sunday,1,January,1,0,False,True,16.4,0,9.1,0,2,0.0,1000.4,7.1,0,14,0,270,0,20,7.2,0
2023-05-10,3681.0,2023,6,Sunday,1,January,1,0,False,True,15.6,0,10.1,0,0,1.5,1001.2,9.7,0,18,0,280,0,28,2.0,0
2023-05-11,3526.0,2023,6,Sunday,1,January,1,0,False,True,14.0,0,5.7,0,0,6.2,1008.3,7.9,0,14,0,280,0,20,5.2,0
2023-05-12,3458.0,2023,6,Sunday,1,January,1,0,False,True,15.3,0,3.7,0,3,0.0,1016.9,6.8,0,12,0,30,0,22,8.9,0
2023-05-13,2741.0,2023,6,Sunday,1,January,1,0,True,False,16.0,0,3.2,1,0,0.1,1016.3,4.9,0,10,0,80,0,15,6.3,0
2023-05-14,1960.0,2023,6,Sunday,1,January,1,0,True,False,15.0,0,4.4,0,0,0.2,1011.2,8.2,0,16,0,300,0,23,1.2,0
2023-05-15,3477.0,2023,6,Sunday,1,January,1,0,False,True,15.2,0,3.7,0,3,0.0,1015.0,8.0,0,12,0,280,0,20,7.5,0
2023-05-16,3759.0,2023,6,Sunday,1,January,1,0,False,True,16.8,0,2.5,1,3,0.0,1017.9,7.1,0,13,0,290,0,17,8.1,0
2023-05-17,3851.0,2023,6,Sunday,1,January,1,0,False,True,18.2,0,3.8,0,3,0.0,1018.5,6.3,0,10,0,290,0,15,7.8,0
2023-05-18,3873.0,2023,6,Sunday,1,January,1,0,False,True,17.0,0,9.5,0,0,0.1,1017.8,7.2,0,11,0,290,0,14,1.8,0
2023-05-19,3655.0,2023,6,Sunday,1,January,1,0,False,True,16.5,0,7.3,0,0,0.1,1019.7,6.7,0,12,0,320,0,17,0.4,0
2023-05-20,2755.0,2023,6,Sunday,1,January,1,0,True,False,14.9,0,9.4,0,0,0.0,1018.0,3.3,0,6,0,80,0,10,0.1,0
2023-05-21,2166.0,2023,6,Sunday,1,January,1,0,True,False,17.0,0,8.0,0,3,0.0,1014.8,4.8,0,10,0,70,0,17,1.8,0
2023-05-22,3506.0,2023,6,Sunday,1,January,1,0,False,True,16.5,0,5.9,0,2,0.0,1017.5,8.9,0,14,0,330,0,22,6.2,0
2023-05-23,3983.0,2023,6,Sunday,1,January,1,0,False,True,18.3,0,5.6,0,2,0.0,1019.1,7.9,0,11,0,290,0,19,8.7,0
2023-05-24,3988.0,2023,6,Sunday,1,January,1,0,False,True,17.3,0,6.4,0,0,0.0,1019.7,8.8,0,13,0,300,0,19,4.9,0
2023-05-25,4014.0,2023,6,Sunday,1,January,1,0,False,True,19.4,0,7.2,0,0,0.0,1022.1,6.5,0,10,0,60,0,15,10.7,0
2023-05-26,3523.0,2023,6,Sunday,1,January,1,0,False,True,18.4,0,6.2,0,3,0.0,1022.5,6.2,0,11,0,10,0,18,14.2,0
2023-05-27,2629.0,2023,6,Sunday,1,January,1,0,True,False,19.9,0,6.0,0,3,0.0,1018.1,5.0,0,12,0,50,0,17,10.1,0
2023-05-28,2205.0,2023,6,Sunday,1,January,1,0,True,False,15.1,0,9.4,0,0,0.0,1017.6,9.9,0,14,0,30,0,28,10.0,0
2023-05-29,3701.0,2023,6,Sunday,1,January,1,0,False,True,16.1,0,8.2,0,3,0.0,1019.9,9.8,0,14,0,50,0,22,15.0,0
2023-05-30,3992.0,2023,6,Sunday,1,January,1,0,False,True,17.0,0,6.5,0,3,0.0,1021.7,7.5,0,12,0,80,0,19,15.3,0
2023-05-31,3871.0,2023,6,Sunday,1,January,1,0,False,True,15.6,0,5.1,0,3,0.0,1019.2,8.9,0,14,0,70,0,22,9.7,0
2023-06-01,3743.0,2023,6,Sunday,1,January,1,0,False,True,15.9,0,6.7,0,3,0.0,1017.2,8.9,0,15,0,70,0,24,10.1,0
2023-06-02,2901.0,2023,6,Sunday,1,January,1,0,False,True,14.9,0,8.9,0,3,0.0,1016.7,8.5,0,13,0,90,0,20,8.6,0
2023-06-03,2341.0,2023,6,Sunday,1,January,1,0,True,False,18.3,0,3.5,0,3,0.0,1015.5,6.2,0,10,0,70,0,17,15.5,0
2023-06-04,2270.0,2023,6,Sunday,1,January,1,0,True,False,18.2,0,5.4,0,3,0.0,1015.8,7.1,0,13,0,70,0,20,15.4,0
2023-06-05,1897.0,2023,6,Sunday,1,January,1,0,False,True,18.3,0,6.6,0,3,0.0,1015.7,7.3,0,12,0,50,0,18,15.5,0
2023-06-06,3441.0,2023,6,Sunday,1,January,1,0,False,True,15.6,0,7.9,0,3,0.0,1014.9,8.0,0,15,0,80,0,21,9.8,0
2023-06-07,3730.0,2023,6,Sunday,1,January,1,0,False,True,14.5,0,7.0,0,3,0.0,1012.4,9.8,0,17,0,70,0,25,5.3,0
2023-06-08,3700.0,2023,6,Sunday,1,January,1,0,False,True,15.1,0,9.7,0,3,0.0,1008.2,10.4,0,16,0,60,0,25,4.3,0
2023-06-09,3375.0,2023,6,Sunday,1,January,1,0,False,True,17.5,0,10.7,0,0,0.0,1004.7,10.2,0,16,0,50,0,25,14.2,0
2023-06-10,2335.0,2023,6,Sunday,1,January,1,0,True,False,18.6,0,10.5,0,0,1.3,1003.5,6.0,0,11,0,70,0,18,1.9,0
2023-06-11,2227.0,2023,6,Sunday,1,January,1,0,True,False,22.2,0,12.4,0,3,0.0,1005.3,4.7,0,11,0,140,0,17,8.5,0
2023-06-12,3419.0,2023,6,Sunday,1,January,1,0,False,True,20.9,0,12.5,0,0,2.0,1006.5,4.1,0,7,0,310,0,11,2.5,0
2023-06-13,3923.0,2023,6,Sunday,1,January,1,0,False,True,24.1,0,15.5,0,0,3.6,1006.1,6.1,0,12,0,70,0,17,10.6,0
2023-06-14,3992.0,2023,6,Sunday,1,January,1,0,False,True,20.7,0,10.1,0,3,0.0,1008.4,7.5,0,15,0,80,0,22,14.8,0
2023-06-15,4115.0,2023,6,Sunday,1,January,1,0,False,True,23.4,0,7.7,0,3,0.0,1010.0,5.5,0,10,0,90,0,15,14.5,0
2023-06-16,3134.0,2023,6,Sunday,1,January,1,0,False,True,20.8,0,10.3,0,0,8.7,1007.4,5.3,0,11,0,150,0,15,1.3,0
2023-06-17,2234.0,2023,6,Sunday,1,January,1,0,True,False,18.8,0,13.9,0,0,3.5,1002.8,7.7,0,12,0,110,0,19,4.1,0
2023-06-18,2385.0,2023,6,Sunday,1,January,1,0,True,False,21.3,0,14.5,0,0,0.4,997.9,6.7,0,13,0,110,0,19,6.1,0
2023-06-19,3599.0,2023,6,Sunday,1,January,1,0,False,True,22.5,0,14.3,0,0,0.2,996.4,6.8,0,12,0,190,0,19,8.1,0
2023-06-20,3625.0,2023,6,Sunday,1,January,1,0,False,True,20.0,0,13.2,0,0,13.1,997.9,4.5,0,11,0,180,0,17,2.9,0
2023-06-21,4042.0,2023,6,Sunday,1,January,1,0,False,True,22.7,0,11.7,0,0,0.0,1003.8,7.4,0,19,0,270,0,27,11.6,0
2023-06-22,3962.0,2023,6,Sunday,1,January,1,0,False,True,20.6,0,9.8,0,0,0.0,1009.8,5.9,0,11,0,80,0,18,11.5,0
2023-06-23,3394.0,2023,6,Sunday,1,January,1,0,False,True,21.4,0,15.9,0,0,1.0,1008.5,8.8,0,15,0,210,0,27,0.6,0
2023-06-24,2508.0,2023,6,Sunday,1,January,1,0,True,False,24.6,0,17.4,0,0,0.0,1005.9,9.5,0,16,0,150,0,22,8.9,0
2023-06-25,1905.0,2023,6,Sunday,1,January,1,0,True,False,20.7,0,11.2,0,0,10.4,1001.9,8.0,0,21,0,290,0,31,4.2,0
2023-06-26,3558.0,2023,6,Sunday,1,January,1,0,False,True,19.9,0,11.2,0,2,0.0,1007.7,8.3,0,16,0,270,0,23,7.4,0
2023-06-27,3867.0,2023,6,Sunday,1,January,1,0,False,True,22.3,0,14.1,0,0,0.6,1006.7,8.3,0,13,0,250,0,24,0.3,0
2023-06-28,3628.0,2023,6,Sunday,1,January,1,0,False,True,19.6,0,11.2,0,0,2.4,1005.8,8.0,0,22,0,310,0,28,1.9,0
2023-06-29,3933.0,2023,6,Sunday,1,January,1,0,False,True,18.5,0,9.2,0,2,0.0,1006.0,8.1,0,14,0,270,0,21,6.1,0
2023-06-30,3305.0,2023,6,Sunday,1,January,1,0,False,True,18.2,0,12.6,0,0,2.2,997.9,10.8,0,20,0,280,0,28,0.2,0
2023-07-01,2494.0,2023,6,Sunday,1,January,1,0,True,False,18.8,0,11.3,0,0,0.6,997.9,16.3,0,23,0,280,0,32,6.1,0
2023-07-02,2125.0,2023,6,Sunday,1,January,1,0,True,False,17.8,0,10.0,0,0,0.6,1000.3,11.3,0,23,0,290,0,35,4.8,0
2023-07-03,2881.0,2023,6,Sunday,1,January,1,0,False,True,17.6,0,9.4,0,0,9.3,998.7,9.2,0,24,0,290,0,32,5.8,0
2023-07-04,3689.0,2023,6,Sunday,1,January,1,0,False,True,18.7,0,9.1,0,0,1.1,997.5,8.6,0,18,0,310,0,25,8.0,0
2023-07-05,3786.0,2023,6,Sunday,1,January,1,0,False,True,18.4,0,9.1,0,0,1.4,1000.6,8.9,0,17,0,270,0,27,4.2,0
2023-07-06,3619.0,2023,6,Sunday,1,January,1,0,False,True,17.7,0,11.8,0,0,1.7,998.0,11.4,0,21,0,170,0,31,0.8,0
2023-07-07,3442.0,2023,6,Sunday,1,January,1,0,False,True,20.4,0,14.3,0,2,0.0,998.1,10.1,0,18,0,150,0,27,5.0,0
2023-07-08,2443.0,2023,6,Sunday,1,January,1,0,True,False,21.7,0,13.4,0,2,0.0,999.8,10.9,0,20,0,190,0,31,8.3,0
2023-07-09,2230.0,2023,6,Sunday,1,January,1,0,True,False,20.8,0,7.5,0,0,4.2,1004.5,7.2,0,13,0,200,0,21,7.4,0
2023-07-10,2774.0,2023,6,Sunday,1,January,1,0,False,True,16.9,0,12.6,0,0,16.0,1001.2,5.4,0,12,0,150,0,18,0.7,0
2023-07-11,3614.0,2023,6,Sunday,1,January,1,0,False,True,20.0,0,13.2,0,0,3.4,996.8,8.2,0,21,0,280,0,29,4.9,0
2023-07-12,3847.0,2023,6,Sunday,1,January,1,0,False,True,20.0,0,9.4,0,0,0.3,999.8,11.3,0,19,0,270,0,28,3.8,0
2023-07-13,3754.0,2023,6,Sunday,1,January,1,0,False,True,19.4,0,9.5,0,0,1.0,1002.6,5.4,0,11,0,220,0,19,3.1,0
2023-07-14,2514.0,2023,6,Sunday,1,January,1,0,False,True,18.1,0,13.1,0,0,21.2,989.6,11.4,0,25,0,90,0,34,0.4,0
2023-07-15,1776.0,2023,6,Sunday,1,January,1,0,True,False,15.4,0,12.6,0,0,12.2,982.8,13.4,0,19,0,260,0,30,0.6,0
2023-07-16,1861.0,2023,6,Sunday,1,January,1,0,True,False,18.4,0,11.7,0,0,8.0,994.5,10.0,0,20,0,280,0,27,5.0,0
2023-07-17,3343.0,2023,6,Sunday,1,January,1,0,False,True,19.2,0,11.4,0,2,0.0,1004.6,6.6,0,12,0,310,0,17,2.9,0
2023-07-18,2946.0,2023,6,Sunday,1,January,1,0,False,True,17.7,0,11.6,0,0,10.0,1005.2,5.9,0,10,0,150,0,16,2.5,0
2023-07-19,3542.0,2023,6,Sunday,1,January,1,0,False,True,18.5,0,11.6,0,0,1.5,1007.3,6.5,0,15,0,290,0,19,2.8,0
2023-07-20,3586.0,2023,6,Sunday,1,January,1,0,False,True,17.3,0,10.8,0,0,2.5,1007.2,6.8,0,15,0,290,0,20,3.3,0
2023-07-21,3073.0,2023,6,Sunday,1,January,1,0,False,True,17.8,0,10.3,0,0,2.6,1002.7,8.6,0,15,0,270,0,19,2.4,0
2023-07-22,1926.0,2023,6,Sunday,1,January,1,0,True,False,19.6,0,12.9,0,0,28.0,993.7,6.3,0,12,0,260,0,19,0.1,0
2023-07-23,1513.0,2023,6,Sunday,1,January,1,0,True,False,15.4,0,11.8,0,0,5.3,992.8,10.8,0,18,0,30,0,29,0.0,0
2023-07-24,3298.0,2023,6,Sunday,1,January,1,0,False,True,17.5,0,7.8,0,0,0.5,1000.0,6.2,0,11,0,350,0,17,3.7,0
2023-07-25,3720.0,2023,6,Sunday,1,January,1,0,False,True,19.4,0,7.0,0,3,0.0,1002.2,6.5,0,10,0,280,0,16,7.0,0
2023-07-26,3208.0,2023,6,Sunday,1,January,1,0,False,True,17.4,0,10.2,0,0,7.9,995.1,5.8,0,11,0,180,0,18,0.9,0
2023-07-27,3904.0,2023,6,Sunday,1,January,1,0,False,True,22.0,0,14.7,0,0,1.3,990.7,9.7,0,15,0,260,0,22,4.5,0
2023-07-28,3281.0,2023,6,Sunday,1,January,1,0,False,True,20.4,0,12.9,0,0,0.5,991.3,8.3,0,15,0,210,0,22,2.8,0
2023-07-29,2465.0,2023,6,Sunday,1,January,1,0,True,False,19.4,0,11.9,0,0,0.7,992.0,10.6,0,19,0,250,0,30,9.7,0
2023-07-30,1672.0,2023,6,Sunday,1,January,1,0,True,False,17.7,0,12.8,0,0,3.2,994.5,8.5,0,13,0,240,0,25,0.4,0
2023-07-31,3049.0,2023,6,Sunday,1,January,1,0,False,True,17.9,0,13.0,0,0,4.2,990.2,10.6,0,17,0,260,0,30,3.4,0
2023-08-01,3509.0,2023,6,Sunday,1,January,1,0,False,True,19.8,0,11.9,0,0,9.1,984.8,9.6,0,15,0,270,0,25,3.7,0
2023-08-02,2930.0,2023,6,Sunday,1,January,1,0,False,True,17.1,0,12.7,0,0,9.4,982.4,13.2,0,20,0,10,0,31,0.0,0
2023-08-03,3506.0,2023,6,Sunday,1,January,1,0,False,True,19.1,0,10.9,0,2,0.0,1000.8,12.7,0,19,0,320,0,27,3.2,0
2023-08-04,2949.0,2023,6,Sunday,1,January,1,0,False,True,17.5,0,8.8,0,0,5.3,1006.5,8.1,0,13,0,290,0,20,5.6,0
2023-08-05,1796.0,2023,6,Sunday,1,January,1,0,True,False,18.0,0,9.8,0,0,48.6,1000.0,12.9,0,24,0,80,0,37,4.1,0
2023-08-06,1881.0,2023,6,Sunday,1,January,1,0,True,False,18.7,0,9.1,0,0,2.6,1010.0,8.9,0,21,0,290,0,31,7.9,0
2023-08-07,1880.0,2023,6,Sunday,1,January,1,0,False,True,18.2,0,8.3,0,0,0.1,1009.1,5.9,0,11,0,270,0,16,2.2,0
2023-08-08,3397.0,2023,6,Sunday,1,January,1,0,False,True,17.9,0,9.8,0,0,0.1,1005.2,3.9,0,7,0,100,0,12,6.6,0
2023-08-09,3595.0,2023,6,Sunday,1,January,1,0,False,True,22.5,0,12.7,0,0,0.0,1005.7,3.9,0,8,0,220,0,13,0.9,0
2023-08-10,3640.0,2023,6,Sunday,1,January,1,0,False,True,22.3,0,13.2,0,0,0.1,1003.8,8.3,0,14,0,150,0,23,4.4,0
2023-08-11,3125.0,2023,6,Sunday,1,January,1,0,False,True,21.6,0,14.3,0,2,0.0,999.7,11.5,0,19,0,200,0,30,8.1,0
2023-08-12,2151.0,2023,6,Sunday,1,January,1,0,True,False,20.1,0,14.4,0,0,2.7,996.2,10.2,0,18,0,270,0,28,4.4,0
2023-08-13,1978.0,2023,6,Sunday,1,January,1,0,True,False,19.6,0,13.2,0,0,3.1,998.0,7.5,0,12,0,250,0,21,5.6,0
2023-08-14,3459.0,2023,6,Sunday,1,January,1,0,False,True,20.8,0,10.9,0,3,0.0,998.8,7.0,0,16,0,290,0,19,3.1,0
2023-08-15,3734.0,2023,6,Sunday,1,January,1,0,False,True,20.7,0,10.2,0,0,1.0,1006.3,8.0,0,13,0,280,0,18,5.7,0
2023-08-16,3818.0,2023,6,Sunday,1,January,1,0,False,True,18.5,0,8.5,0,0,0.0,1011.7,6.0,0,11,0,90,0,15,0.4,0
2023-08-17,3579.0,2023,6,Sunday,1,January,1,0,False,True,20.6,0,9.5,0,0,1.5,1007.8,7.5,0,13,0,140,0,21,8.6,0
2023-08-18,2201.0,2023,6,Sunday,1,January,1,0,False,True,17.6,0,14.6,0,0,22.9,994.2,13.7,0,24,0,110,0,36,0.0,0
2023-08-19,2252.0,2023,6,Sunday,1,January,1,0,True,False,21.1,0,15.5,0,0,1.7,990.5,14.5,0,29,0,150,0,47,8.1,0
2023-08-20,1943.0,2023,6,Sunday,1,January,1,0,True,False,21.8,0,14.4,0,0,0.0,1006.0,9.4,0,15,0,200,0,30,9.2,0
2023-08-21,3368.0,2023,6,Sunday,1,January,1,0,False,True,21.8,0,15.9,0,0,0.0,1006.2,11.2,0,16,0,210,0,29,8.3,0
2023-08-22,3590.0,2023,6,Sunday,1,January,1,0,False,True,20.0,0,13.4,0,0,0.2,1006.7,8.5,0,18,0,270,0,26,3.8,0
2023-08-23,3622.0,2023,6,Sunday,1,January,1,0,False,True,19.5,0,11.4,0,0,0.1,1007.4,4.4,0,9,0,270,0,13,4.5,0
2023-08-24,3696.0,2023,6,Sunday,1,January,1,0,False,True,18.3,0,10.7,0,2,0.0,1003.3,10.0,0,15,0,270,0,21,10.1,0
2023-08-25,2968.0,2023,6,Sunday,1,January,1,0,False,True,18.6,0,11.7,0,0,6.9,999.4,8.4,0,16,0,10,0,23,6.3,0
2023-08-26,2058.0,2023,6,Sunday,1,January,1,0,True,False,18.8,0,11.1,0,0,2.1,1000.7,10.8,0,15,0,330,0,21,3.3,0
2023-08-27,1845.0,2023,6,Sunday,1,January,1,0,True,False,18.9,0,10.2,0,0,0.2,1004.0,11.2,0,21,0,300,0,30,1.0,0
2023-08-28,3461.0,2023,6,Sunday,1,January,1,0,False,True,17.9,0,9.9,0,0,0.1,1005.7,9.0,0,14,0,280,0,20,1.8,0
2023-08-29,3713.0,2023,6,Sunday,1,January,1,0,False,True,17.0,0,10.7,0,0,0.0,1002.5,10.3,0,17,0,290,0,23,4.0,0
2023-08-30,3709.0,2023,6,Sunday,1,January,1,0,False,True,17.0,0,9.8,0,2,0.0,999.8,7.5,0,13,0,290,0,18,4.7,0
2023-08-31,3505.0,2023,6,Sunday,1,January,1,0,False,True,16.0,0,10.4,0,0,1.6,996.8,6.8,0,15,0,150,0,22,0.1,0
2023-09-01,3224.0,2023,6,Sunday,1,January,1,0,False,True,19.2,0,11.7,0,0,6.6,1002.0,5.3,0,10,0,90,0,13,4.0,0
2023-09-02,2326.0,2023,6,Sunday,1,January,1,0,True,False,20.8,0,11.2,0,3,0.0,1011.5,4.0,0,8,0,90,0,12,6.3,0
2023-09-03,2284.0,2023,6,Sunday,1,January,1,0,True,False,23.1,0,9.2,0,0,0.0,1016.0,4.6,0,9,0,320,0,14,12.2,0
2023-09-04,3537.0,2023,6,Sunday,1,January,1,0,False,True,22.8,0,7.0,0,3,0.0,1012.5,5.1,0,11,0,90,0,18,12.4,0
2023-09-05,3867.0,2023,6,Sunday,1,January,1,0,False,True,21.3,0,13.3,0,3,0.0,1008.2,7.8,0,16,0,80,0,26,9.8,0
2023-09-06,3914.0,2023,6,Sunday,1,January,1,0,False,True,25.7,0,11.8,0,3,0.0,1007.7,4.6,0,10,0,100,0,15,11.6,0
2023-09-07,3847.0,2023,6,Sunday,1,January,1,0,False,True,24.1,0,14.4,0,2,0.0,1007.1,6.2,0,9,0,100,0,15,2.5,0
2023-09-08,3512.0,2023,6,Sunday,1,January,1,0,False,True,26.1,0,13.1,0,0,0.0,1006.1,3.8,0,8,0,90,0,12,11.2,0
2023-09-09,2629.0,2023,6,Sunday,1,January,1,0,True,False,25.2,0,14.6,0,0,0.0,1006.1,4.4,0,9,0,150,0,12,7.4,0
2023-09-10,2024.0,2023,6,Sunday,1,January,1,0,True,False,20.7,0,13.5,0,0,9.8,1003.5,4.3,0,8,0,250,0,14,0.9,0
2023-09-11,2937.0,2023,6,Sunday,1,January,1,0,False,True,18.6,0,11.9,0,0,14.0,1002.3,6.1,0,13,0,30,0,18,0.0,0
2023-09-12,3600.0,2023,6,Sunday,1,January,1,0,False,True,16.4,0,5.0,0,0,0.8,1008.4,8.5,0,14,0,10,0,23,8.6,0
2023-09-13,3600.0,2023,6,Sunday,1,January,1,0,False,True,16.5,0,4.3,1,0,1.2,1009.5,6.2,0,15,0,210,0,24,2.0,0
2023-09-14,3721.0,2023,6,Sunday,1,January,1,0,False,True,17.3,0,11.2,0,0,4.3,1007.8,5.0,0,11,0,280,0,13,2.1,0
2023-09-15,2110.0,2023,6,Sunday,1,January,1,0,False,True,12.0,0,10.2,0,0,23.7,1005.6,8.9,0,15,0,10,0,20,0.0,0
2023-09-16,2094.0,2023,6,Sunday,1,January,1,0,True,False,15.0,0,10.1,0,0,2.0,1007.1,12.2,0,17,0,20,0,24,0.0,0
2023-09-17,1390.0,2023,6,Sunday,1,January,1,0,True,False,15.6,0,14.0,0,0,23.1,998.3,6.5,0,13,0,100,0,17,0.0,0
2023-09-18,3392.0,2023,6,Sunday,1,January,1,0,False,True,15.2,0,10.4,0,0,0.7,990.4,12.6,0,20,0,270,0,30,8.4,0
2023-09-19,3486.0,2023,6,Sunday,1,January,1,0,False,True,19.0,0,10.7,0,0,13.1,984.5,13.2,0,22,0,210,0,37,1.3,0
2023-09-20,3664.0,2023,6,Sunday,1,January,1,0,False,True,17.6,0,9.2,0,0,1.8,977.7,11.0,0,19,0,210,0,36,6.5,0
2023-09-21,3950.0,2023,6,Sunday,1,January,1,0,False,True,15.8,0,7.8,0,0,0.0,984.2,7.4,0,13,0,280,0,18,8.3,0
2023-09-22,3344.0,2023,6,Sunday,1,January,1,0,False,True,14.8,0,6.1,0,0,0.1,994.4,12.3,0,20,0,310,0,27,7.1,0
2023-09-23,2304.0,2023,6,Sunday,1,January,1,0,True,False,17.0,0,4.9,0,0,0.9,1000.1,9.2,0,19,0,160,0,28,5.6,0
2023-09-24,1738.0,2023,6,Sunday,1,January,1,0,True,False,18.9,0,11.9,0,0,0.9,993.2,10.6,0,21,0,190,0,39,0.7,0
2023-09-25,3454.0,2023,6,Sunday,1,January,1,0,False,True,18.3,0,13.5,0,0,0.0,999.7,11.2,0,15,0,210,0,24,7.9,0
2023-09-26,3483.0,2023,6,Sunday,1,January,1,0,False,True,17.5,0,10.0,0,0,3.2,1000.1,8.5,0,16,0,270,0,24,4.1,0
2023-09-27,3042.0,2023,6,Sunday,1,January,1,0,False,True,16.5,0,10.0,0,0,15.0,989.8,15.2,0,31,0,150,0,47,0.4,0
2023-09-28,3664.0,2023,6,Sunday,1,January,1,0,False,True,15.5,0,10.5,0,0,1.4,994.0,9.8,0,21,0,260,0,37,0.0,0
2023-09-29,3451.0,2023,6,Sunday,1,January,1,0,False,True,16.4,0,10.1,0,0,0.3,1005.5,8.0,0,16,0,260,0,24,8.9,0
2023-09-30,1911.0,2023,6,Sunday,1,January,1,0,True,False,17.5,0,7.8,0,0,11.1,1007.0,6.8,0,17,0,150,0,25,0.0,0
2023-10-01,2351.0,2023,6,Sunday,1,January,1,0,True,False,18.8,0,11.6,0,0,0.5,1005.0,6.6,0,11,0,250,0,18,7.8,0
2023-10-02,3513.0,2023,6,Sunday,1,January,1,0,False,True,14.2,0,10.3,0,0,0.0,1004.9,5.0,0,8,0,200,0,12,0.0,0
2023-10-03,3744.0,2023,6,Sunday,1,January,1,0,False,True,16.3,0,9.6,0,2,0.0,1007.5,9.8,0,19,0,270,0,30,7.3,0
2023-10-04,3841.0,2023,6,Sunday,1,January,1,0,False,True,16.5,0,10.7,0,2,0.0,1010.7,10.2,0,15,0,230,0,26,2.6,0
2023-10-05,3449.0,2023,6,Sunday,1,January,1,0,False,True,17.2,0,12.7,0,0,4.0,1006.3,11.9,0,17,0,210,0,28,0.1,0
2023-10-06,3404.0,2023,6,Sunday,1,January,1,0,False,True,20.6,0,15.1,0,0,0.2,1006.3,11.4,0,14,0,230,0,26,0.4,0
2023-10-07,2391.0,2023,6,Sunday,1,January,1,0,True,False,20.8,0,13.1,0,0,0.0,1008.8,6.4,0,12,0,240,0,21,0.5,0
2023-10-08,2100.0,2023,6,Sunday,1,January,1,0,True,False,21.3,0,9.6,0,3,0.0,1011.5,5.3,0,10,0,250,0,17,1.7,0
2023-10-09,3644.0,2023,6,Sunday,1,January,1,0,False,True,23.2,0,14.4,0,3,0.0,1009.8,4.0,0,8,0,270,0,11,8.7,0
2023-10-10,3805.0,2023,6,Sunday,1,January,1,0,False,True,20.9,0,14.8,0,2,0.0,1003.3,8.0,0,13,0,250,0,26,0.9,0
2023-10-11,3192.0,2023,6,Sunday,1,January,1,0,False,True,15.8,0,2.8,0,0,5.9,1000.8,6.6,0,17,0,310,0,24,0.1,0
2023-10-12,3739.0,2023,6,Sunday,1,January,1,0,False,True,13.2,0,1.5,1,3,0.0,998.5,3.7,0,7,0,240,0,11,7.1,0
2023-10-13,3223.0,2023,6,Sunday,1,January,1,0,False,True,12.7,0,6.2,0,0,2.6,994.8,11.2,0,22,0,280,0,30,6.2,0
2023-10-14,2471.0,2023,6,Sunday,1,January,1,0,True,False,11.0,0,2.5,0,0,0.2,1008.9,11.3,0,19,0,290,0,26,8.2,0
2023-10-15,1930.0,2023,6,Sunday,1,January,1,0,True,False,11.3,0,1.0,1,3,0.0,1016.0,4.8,0,11,0,270,0,13,7.6,0
2023-10-16,3365.0,2023,6,Sunday,1,January,1,0,False,True,12.4,0,3.3,1,0,0.0,1010.4,5.9,0,12,0,110,0,18,6.0,0
2023-10-17,3671.0,2023,6,Sunday,1,January,1,0,False,True,12.4,0,8.7,0,0,8.2,1000.3,11.4,0,16,0,110,0,25,0.0,0
2023-10-18,3168.0,2023,6,Sunday,1,January,1,0,False,True,13.6,0,9.9,0,0,16.6,982.8,13.5,0,20,0,100,0,28,0.0,0
2023-10-19,3195.0,2023,6,Sunday,1,January,1,0,False,True,17.0,0,12.0,0,0,15.6,969.2,7.5,0,14,0,90,0,21,2.8,0
2023-10-20,2288.0,2023,6,Sunday,1,January,1,0,False,True,13.7,0,9.2,0,0,29.8,971.8,13.7,0,27,0,50,0,38,0.0,0
2023-10-21,2331.0,2023,6,Sunday,1,January,1,0,True,False,10.4,0,5.6,0,0,1.9,980.3,9.6,0,17,0,30,0,24,1.9,0
2023-10-22,2072.0,2023,6,Sunday,1,January,1,0,True,False,13.5,0,3.9,0,0,0.1,991.2,5.5,0,8,0,250,0,14,8.0,0
2023-10-23,3273.0,2023,6,Sunday,1,January,1,0,False,True,14.0,0,10.2,1,0,8.2,992.5,9.6,0,18,0,180,0,25,0.4,0
2023-10-24,3437.0,2023,6,Sunday,1,January,1,0,False,True,12.5,0,4.0,0,0,4.0,988.2,6.4,0,13,0,150,0,19,2.3,0
2023-10-25,3709.0,2023,6,Sunday,1,January,1,0,False,True,13.2,0,5.2,0,0,2.7,984.6,6.1,0,13,0,140,0,21,3.6,0
2023-10-26,3594.0,2023,6,Sunday,1,January,1,0,False,True,14.8,0,6.5,0,0,0.5,977.5,4.8,0,12,0,140,0,20,4.1,0
2023-10-27,3242.0,2023,6,Sunday,1,January,1,0,False,True,13.2,0,4.1,1,0,2.9,974.2,5.8,0,12,0,150,0,19,5.3,0
2023-10-28,2173.0,2023,6,Sunday,1,January,1,0,True,False,14.1,0,9.3,0,0,4.4,970.1,8.5,0,16,0,80,0,27,4.8,0
2023-10-29,2132.0,2023,6,Sunday,1,January,1,0,True,False,12.4,0,2.5,1,0,11.1,972.0,5.2,0,13,0,100,0,19,0.9,0
2023-10-30,1642.0,2023,6,Sunday,1,January,1,0,False,True,12.7,0,1.7,1,0,2.1,979.9,4.1,0,10,0,80,0,17,3.4,0
2023-10-31,3205.0,2023,6,Sunday,1,January,1,0,False,True,12.3,0,4.4,0,0,4.2,983.2,6.8,0,15,0,120,0,26,2.5,0
2023-11-01,3563.0,2023,6,Sunday,1,January,1,0,False,True,13.1,0,1.5,0,0,2.6,970.3,8.2,0,19,0,250,0,37,3.7,0
2023-11-02,3428.0,2023,6,Sunday,1,January,1,0,False,True,9.8,0,4.5,1,0,2.2,963.8,8.9,0,14,0,270,0,20,1.6,0
2023-11-03,3084.0,2023,6,Sunday,1,January,1,0,False,True,11.2,0,4.1,0,0,0.2,970.6,9.7,0,19,0,290,0,25,5.5,0
2023-11-04,1840.0,2023,6,Sunday,1,January,1,0,True,False,10.7,0,3.6,0,0,12.0,961.7,8.0,0,16,0,70,0,23,0.3,0
2023-11-05,1909.0,2023,6,Sunday,1,January,1,0,True,False,11.6,0,5.1,0,2,0.0,971.3,8.7,0,13,0,270,0,19,3.5,0
2023-11-06,3458.0,2023,6,Sunday,1,January,1,0,False,True,11.4,0,6.0,0,2,0.0,985.3,10.2,0,18,0,270,0,26,3.7,0
2023-11-07,3892.0,2023,6,Sunday,1,January,1,0,False,True,11.1,0,6.8,0,2,0.0,994.9,10.0,0,16,0,270,0,24,6.9,0
2023-11-08,3644.0,2023,6,Sunday,1,January,1,0,False,True,11.9,0,4.4,0,0,2.8,987.7,9.9,0,22,0,280,0,35,4.1,0
2023-11-09,3734.0,2023,6,Sunday,1,January,1,0,False,True,8.4,0,4.8,0,0,0.2,980.7,9.7,0,17,0,260,0,26,2.0,0
2023-11-10,3305.0,2023,6,Sunday,1,January,1,0,False,True,10.2,0,4.1,0,0,1.0,987.5,10.2,0,17,0,280,0,23,6.5,0
2023-11-11,2188.0,2023,6,Sunday,1,January,1,0,True,False,9.1,0,1.3,1,2,0.0,994.7,6.9,0,11,0,110,0,18,4.3,0
2023-11-12,1768.0,2023,6,Sunday,1,January,1,0,True,False,12.7,0,8.1,1,0,7.0,987.0,8.4,0,15,0,100,0,26,2.4,0
2023-11-13,2441.0,2023,6,Sunday,1,January,1,0,False,True,13.8,0,8.6,0,0,11.1,977.4,15.8,0,28,0,260,0,46,3.5,0
2023-11-14,3617.0,2023,6,Sunday,1,January,1,0,False,True,12.5,0,8.1,0,0,1.5,993.0,10.8,0,18,0,270,0,31,5.1,0
2023-11-15,3610.0,2023,6,Sunday,1,January,1,0,False,True,10.3,0,2.8,0,3,0.0,1003.5,9.2,0,18,0,260,0,27,6.7,0
2023-11-16,3466.0,2023,6,Sunday,1,January,1,0,False,True,10.0,0,2.3,1,0,0.3,1003.6,4.8,0,10,0,220,0,19,0.1,0
2023-11-17,2887.0,2023,6,Sunday,1,January,1,0,False,True,10.8,0,5.2,0,0,10.3,1001.8,9.2,0,20,0,150,0,33,3.5,0
2023-11-18,2167.0,2023,6,Sunday,1,January,1,0,True,False,14.3,0,10.4,0,0,1.8,992.3,9.3,0,15,0,150,0,25,0.2,0
2023-11-19,1627.0,2023,6,Sunday,1,January,1,0,True,False,12.2,0,8.6,0,0,1.4,990.6,11.3,0,17,0,260,0,30,0.1,0
2023-11-20,3228.0,2023,6,Sunday,1,January,1,0,False,True,10.8,0,6.4,0,0,0.2,1003.8,13.8,0,23,0,320,0,30,0.1,0
2023-11-21,3592.0,2023,6,Sunday,1,January,1,0,False,True,8.7,0,3.1,0,3,0.0,1017.3,8.0,0,16,0,320,0,23,3.4,0
2023-11-22,3511.0,2023,6,Sunday,1,January,1,0,False,True,11.6,0,8.4,0,0,0.4,1018.3,11.8,0,20,0,260,0,30,0.0,0
2023-11-23,3694.0,2023,6,Sunday,1,January,1,0,False,True,12.8,0,7.8,0,0,0.2,1015.4,15.0,0,24,0,280,0,31,0.6,0
2023-11-24,3058.0,2023,6,Sunday,1,January,1,0,False,True,8.5,1,-0.1,0,3,0.0,1016.2,8.1,0,14,0,330,0,20,0.8,0
2023-11-25,2320.0,2023,6,Sunday,1,January,1,0,True,False,7.7,1,-2.6,1,3,0.0,1011.2,3.8,0,8,0,160,0,11,2.6,0
2023-11-26,1717.0,2023,6,Sunday,1,January,1,0,True,False,10.5,0,5.1,1,0,3.4,1000.8,5.5,0,11,0,270,0,16,0.0,0
2023-11-27,3243.0,2023,6,Sunday,1,January,1,0,False,True,8.9,0,2.4,0,0,0.1,997.5,11.0,0,16,0,330,0,24,2.7,0
2023-11-28,3626.0,2023,6,Sunday,1,January,1,0,False,True,6.5,0,0.5,0,0,0.0,1000.9,6.2,0,11,0,300,0,14,0.1,0
2023-11-29,3448.0,2023,6,Sunday,1,January,1,0,False,True,5.3,1,-1.1,1,0,0.7,996.7,6.6,0,13,0,40,0,18,1.2,0
2023-11-30,3156.0,2023,6,Sunday,1,January,1,0,False,True,5.4,1,-1.6,1,0,5.7,996.6,10.0,0,20,0,30,0,29,2.0,0
2023-12-01,2866.0,2023,6,Sunday,1,January,1,0,False,True,3.7,1,-2.8,1,3,0.0,1000.5,5.4,0,9,0,270,0,12,3.1,0
2023-12-02,2078.0,2023,6,Sunday,1,January,1,0,True,False,5.8,1,-0.7,1,0,0.2,1000.9,4.1,0,8,0,300,0,11,4.7,0
2023-12-03,1501.0,2023,6,Sunday,1,January,1,0,True,False,5.5,1,-0.4,1,0,4.8,996.5,7.4,0,18,0,50,0,25,1.4,0
2023-12-04,3142.0,2023,6,Sunday,1,January,1,0,False,True,5.1,0,1.4,1,2,0.0,994.9,14.9,0,18,0,340,0,30,0.1,0
2023-12-05,3380.0,2023,6,Sunday,1,January,1,1,False,True,6.4,0,1.5,0,2,0.0,1001.9,8.6,0,18,0,330,0,26,1.9,0
2023-12-06,3190.0,2023,6,Sunday,1,January,1,1,False,True,8.7,0,3.3,1,0,1.3,998.3,14.2,0,23,0,150,0,43,0.1,0
2023-12-07,3330.0,2023,6,Sunday,1,January,1,1,False,True,11.8,0,8.4,0,0,4.1,985.7,12.7,0,26,0,150,0,36,0.5,0
2023-12-08,3080.0,2023,6,Sunday,1,January,1,1,False,True,9.9,0,8.3,0,0,0.1,984.5,12.7,0,16,0,220,0,29,0.1,0
2023-12-09,1839.0,2023,6,Sunday,1,January,1,1,True,False,11.7,0,6.3,0,0,9.1,982.4,16.8,0,35,0,270,0,53,0.6,0
2023-12-10,1310.0,2023,6,Sunday,1,January,1,1,True,False,11.0,0,6.2,0,0,7.2,982.3,13.3,0,30,0,270,0,47,4.0,0
2023-12-11,2862.0,2023,6,Sunday,1,January,1,1,False,True,10.3,0,6.0,0,0,8.6,989.3,9.5,0,17,0,270,0,26,5.8,0
2023-12-12,3432.0,2023,6,Sunday,1,January,1,1,False,True,9.6,0,4.5,0,0,0.4,986.8,7.2,0,16,0,330,0,21,0.7,0
2023-12-13,3669.0,2023,6,Sunday,1,January,1,1,False,True,7.5,0,2.5,0,0,0.1,998.4,8.8,0,15,0,330,0,24,6.7,0
2023-12-14,3499.0,2023,6,Sunday,1,January,1,1,False,True,8.9,0,6.6,1,0,0.1,1011.0,7.8,0,15,0,270,0,26,0.1,0
2023-12-15,3036.0,2023,6,Sunday,1,January,1,1,False,True,11.4,0,7.2,0,2,0.0,1020.9,8.0,0,13,0,220,0,25,1.5,0
2023-12-16,2113.0,2023,6,Sunday,1,January,1,1,True,False,11.5,0,8.9,0,0,0.0,1020.7,9.5,0,17,0,200,0,27,3.7,0
2023-12-17,1859.0,2023,6,Sunday,1,January,1,1,True,False,12.8,0,10.0,0,0,0.3,1015.5,14.1,0,21,0,220,0,32,2.6,0
2023-12-18,2769.0,2023,6,Sunday,1,January,1,1,False,True,13.4,0,9.0,0,0,0.5,1011.4,9.2,0,13,0,280,0,27,0.0,0
2023-12-19,3191.0,2023,6,Sunday,1,January,1,1,False,True,9.2,0,5.1,0,0,0.4,1011.1,11.1,0,18,0,270,0,26,5.5,0
2023-12-20,2991.0,2023,6,Sunday,1,January,1,1,False,True,10.9,0,6.7,0,0,0.1,1006.4,17.5,0,27,0,280,0,37,0.0,0
2023-12-21,2704.0,2023,6,Sunday,1,January,1,1,False,True,11.4,0,8.3,0,0,0.7,1001.2,23.8,0,34,0,290,0,51,3.2,0
2023-12-22,2146.0,2023,6,Sunday,1,January,1,1,False,True,10.7,0,8.3,0,0,1.0,1004.4,20.6,0,28,0,280,0,39,0.4,0
2023-12-23,1756.0,2023,6,Sunday,1,January,1,1,True,False,12.5,0,8.9,0,0,1.5,998.2,15.5,0,23,0,270,0,38,0.1,0
2023-12-24,1280.0,2023,6,Sunday,1,January,1,1,True,False,12.6,0,8.7,0,0,1.4,990.6,16.3,0,29,0,270,0,44,0.9,0
2023-12-25,727.0,2023,6,Sunday,1,January,1,1,False,True,9.7,0,6.5,0,0,0.8,992.9,10.9,0,16,0,250,0,29,0.0,0
2023-12-26,846.0,2023,6,Sunday,1,January,1,1,False,True,8.3,0,3.7,0,0,3.9,1000.9,9.0,0,21,0,290,0,29,0.6,0
2023-12-27,1126.0,2023,6,Sunday,1,January,1,1,False,True,13.8,0,5.5,0,0,15.6,986.2,14.0,0,22,0,210,0,38,0.9,0
2023-12-28,1281.0,2023,6,Sunday,1,January,1,1,False,True,9.4,0,6.4,0,0,1.1,982.1,13.9,0,19,0,210,0,33,2.0,0
2023-12-29,1672.0,2023,6,Sunday,1,January,1,1,False,True,6.7,0,3.1,0,0,0.0,992.0,11.4,0,17,0,240,0,30,3.5,0
2023-12-30,1465.0,2023,6,Sunday,1,January,1,1,True,False,10.6,0,2.9,0,0,3.4,982.9,10.3,0,18,0,200,0,31,0.1,0
